Workbook

Sheet Employee_Data
A1: EMPLOYEE ATTRITION & HR ANALYTICS — Dataset (200 Records)
A2: Emp_ID | B2: Age | C2: Gender | D2: Department | E2: Job_Role | F2: Salary_INR | G2: Experience_Yrs | H2: Performance_Rating | I2: WorkLife_Balance | J2: Satisfaction_Score | K2: Overtime | L2: Attrition | M2: Attrition_Binary
A3: EMP0001 | B3: 41 | C3: M | D3: IT | E3: IT Analyst | F3: 78749 | G3: 3 | H3: 3 | I3: 1 | J3: 5.5 | K3: No | L3: No | M3: 0
A4: EMP0002 | B4: 42 | C4: F | D4: R&D | E4: Data Scientist | F4: 128849 | G4: 14 | H4: 1 | I4: 3 | J4: 3.3 | K4: Yes | L4: No | M4: 0
A5: EMP0003 | B5: 36 | C5: F | D5: Sales | E5: Business Dev Associate | F5: 35753 | G5: 1 | H5: 1 | I5: 4 | J5: 4.4 | K5: Yes | L5: Yes | M5: 1
A6: EMP0004 | B6: 28 | C6: M | D6: Operations | E6: Process Executive | F6: 55066 | G6: 7 | H6: 3 | I6: 3 | J6: 5.5 | K6: Yes | L6: No | M6: 0
A7: EMP0005 | B7: 41 | C7: M | D7: HR | E7: HR Manager | F7: 66732 | G7: 18 | H7: 2 | I7: 3 | J7: 7.5 | K7: No | L7: No | M7: 0
A8: EMP0006 | B8: 38 | C8: M | D8: IT | E8: QA Engineer | F8: 77243 | G8: 2 | H8: 3 | I8: 3 | J8: 5.2 | K8: Yes | L8: Yes | M8: 1
A9: EMP0007 | B9: 53 | C9: F | D9: R&D | E9: Product Developer | F9: 81447 | G9: 3 | H9: 5 | I9: 3 | J9: 3.9 | K9: Yes | L9: No | M9: 0
A10: EMP0008 | B10: 33 | C10: M | D10: R&D | E10: Product Developer | F10: 98986 | G10: 11 | H10: 2 | I10: 3 | J10: 8.8 | K10: No | L10: No | M10: 0
A11: EMP0009 | B11: 34 | C11: F | D11: Sales | E11: Sales Executive | F11: 44740 | G11: 8 | H11: 5 | I11: 3 | J11: 9.6 | K11: No | L11: No | M11: 0
A12: EMP0010 | B12: 33 | C12: M | D12: Customer Service | E12: Support Executive | F12: 40750 | G12: 9 | H12: 3 | I12: 4 | J12: 7.1 | K12: No | L12: Yes | M12: 1
A13: EMP0011 | B13: 54 | C13: M | D13: Sales | E13: Business Dev Associate | F13: 44225 | G13: 9 | H13: 2 | I13: 4 | J13: 9.7 | K13: No | L13: No | M13: 0
A14: EMP0012 | B14: 36 | C14: M | D14: Finance | E14: Finance Manager | F14: 84070 | G14: 8 | H14: 4 | I14: 2 | J14: 8.5 | K14: Yes | L14: No | M14: 0
... A202: EMP0200 | B202: 45 | C202: F | D202: Customer Service | E202: CX Analyst | F202: 63186 | G202: 18 | H202: 3 | I202: 3 | J202: 5.9 | K202: No | L202: Yes | M202: 1

Sheet HR_KPI_Summary
A1: HR ANALYTICS — KPI SUMMARY DASHBOARD
A2: KPI Metric | B2: Value | C2: Formula | D2: Insight / Action
A3: Total Employees | B3: =COUNTA(Employee_Data!A3:A202) -> 200 | C3: =COUNTA(Employee_Data!A3:A202) -> 200 | D3: Total workforce headcount
A4: Total Attrition (Left) | B4: =COUNTIF(Employee_Data!L3:L202,"Yes") -> 44 | C4: =COUNTIF(Employee_Data!L3:L202,"Yes") -> 44 | D4: Employees who left
A5: Attrition Rate % | B5: =COUNTIF(Employee_Data!L3:L202,"Yes")/COUNTA(Employee_Data!A3:A202) -> 0.22 | C5: =COUNTIF(Employee_Data!L3:L202,"Yes")/COUNTA(Employee_Data!A3:A202) -> 0.22 | D5: Target: <15%
A6: Average Salary (INR) | B6: =AVERAGE(Employee_Data!F3:F202) -> 68636.385 | C6: =AVERAGE(Employee_Data!F3:F202) -> 68636.385 | D6: Benchmark vs market
A7: Average Experience (Yrs) | B7: =AVERAGE(Employee_Data!G3:G202) -> 8.39 | C7: =AVERAGE(Employee_Data!G3:G202) -> 8.39 | D7: Workforce maturity
A8: Average Age | B8: =AVERAGE(Employee_Data!B3:B202) -> 38.965 | C8: =AVERAGE(Employee_Data!B3:B202) -> 38.965 | D8: Workforce age profile
A9: Satisfaction Index (Avg) | B9: =AVERAGE(Employee_Data!J3:J202) -> 6.688 | C9: =AVERAGE(Employee_Data!J3:J202) -> 6.688 | D9: Target: >7.0
A10: Avg Work-Life Balance | B10: =AVERAGE(Employee_Data!I3:I202) -> 2.5 | C10: =AVERAGE(Employee_Data!I3:I202) -> 2.5 | D10: Scale 1-4; Target: >3
A11: Avg Performance Rating | B11: =AVERAGE(Employee_Data!H3:H202) -> 3.13 | C11: =AVERAGE(Employee_Data!H3:H202) -> 3.13 | D11: Scale 1-5
A12: Overtime Employee Count | B12: =COUNTIF(Employee_Data!K3:K202,"Yes") -> 80 | C12: =COUNTIF(Employee_Data!K3:K202,"Yes") -> 80 | D12: High OT = burnout risk
A13: Overtime Attrition Rate | B13: =COUNTIFS(Employee_Data!K3:K202,"Yes",Employee_Data!L3:L202,"Yes")/COUNTIF(Employee_Data!K3:K202,"Yes") -> 0.2625 | C13: =COUNTIFS(Employee_Data!K3:K202,"Yes",Employee_Data!L3:L202,"Yes")/COUNTIF(Employee_Data!K3:K202,"Yes") -> 0.2625 | D13: Compare vs non-OT attrition
A14: Male Employees | B14: =COUNTIF(Employee_Data!C3:C202,"M") -> 117 | C14: =COUNTIF(Employee_Data!C3:C202,"M") -> 117 | D14: Gender diversity check
A15: Female Employees | B15: =COUNTIF(Employee_Data!C3:C202,"F") -> 83 | C15: =COUNTIF(Employee_Data!C3:C202,"F") -> 83 | D15: Gender diversity check
A16: Female Attrition Rate | B16: =COUNTIFS(Employee_Data!C3:C202,"F",Employee_Data!L3:L202,"Yes")/COUNTIF(Employee_Data!C3:C202,"F") -> 0.26506024 | C16: =COUNTIFS(Employee_Data!C3:C202,"F",Employee_Data!L3:L202,"Yes")/COUNTIF(Employee_Data!C3:C202,"F") -> 0.26506024 | D16: Gender-specific retention

Sheet Dept_Attrition
A1: DEPARTMENT-WISE ATTRITION ANALYSIS
A2: Department | B2: Total Employees | C2: Attrited | D2: Attrition Rate % | E2: Avg Salary (INR) | F2: Avg Satisfaction | G2: Avg Experience (Yrs)
A3: Sales | B3: =COUNTIF(Employee_Data!D3:D202,A3) -> 23 | C3: =COUNTIFS(Employee_Data!D3:D202,A3,Employee_Data!L3:L202,"Yes") -> 6 | D3: =IF(B3>0,C3/B3,0) -> 0.26086957 | E3: =AVERAGEIF(Employee_Data!D3:D202,A3,Employee_Data!F3:F202) -> 46834.217 | F3: =AVERAGEIF(Employee_Data!D3:D202,A3,Employee_Data!J3:J202) -> 6.9565217 | G3: =AVERAGEIF(Employee_Data!D3:D202,A3,Employee_Data!G3:G202) -> 8.3913043
A4: IT | B4: =COUNTIF(Employee_Data!D3:D202,A4) -> 32 | C4: =COUNTIFS(Employee_Data!D3:D202,A4,Employee_Data!L3:L202,"Yes") -> 7 | D4: =IF(B4>0,C4/B4,0) -> 0.21875 | E4: =AVERAGEIF(Employee_Data!D3:D202,A4,Employee_Data!F3:F202) -> 89857.625 | F4: =AVERAGEIF(Employee_Data!D3:D202,A4,Employee_Data!J3:J202) -> 7.021875 | G4: =AVERAGEIF(Employee_Data!D3:D202,A4,Employee_Data!G3:G202) -> 8.09375
A5: HR | B5: =COUNTIF(Employee_Data!D3:D202,A5) -> 16 | C5: =COUNTIFS(Employee_Data!D3:D202,A5,Employee_Data!L3:L202,"Yes") -> 4 | D5: =IF(B5>0,C5/B5,0) -> 0.25 | E5: =AVERAGEIF(Employee_Data!D3:D202,A5,Employee_Data!F3:F202) -> 59112.375 | F5: =AVERAGEIF(Employee_Data!D3:D202,A5,Employee_Data!J3:J202) -> 7.41875 | G5: =AVERAGEIF(Employee_Data!D3:D202,A5,Employee_Data!G3:G202) -> 9.625
A6: Finance | B6: =COUNTIF(Employee_Data!D3:D202,A6) -> 35 | C6: =COUNTIFS(Employee_Data!D3:D202,A6,Employee_Data!L3:L202,"Yes") -> 4 | D6: =IF(B6>0,C6/B6,0) -> 0.11428571 | E6: =AVERAGEIF(Employee_Data!D3:D202,A6,Employee_Data!F3:F202) -> 75108.714 | F6: =AVERAGEIF(Employee_Data!D3:D202,A6,Employee_Data!J3:J202) -> 6.8057143 | G6: =AVERAGEIF(Employee_Data!D3:D202,A6,Employee_Data!G3:G202) -> 6.9142857
A7: Operations | B7: =COUNTIF(Employee_Data!D3:D202,A7) -> 22 | C7: =COUNTIFS(Employee_Data!D3:D202,A7,Employee_Data!L3:L202,"Yes") -> 4 | D7: =IF(B7>0,C7/B7,0) -> 0.18181818 | E7: =AVERAGEIF(Employee_Data!D3:D202,A7,Employee_Data!F3:F202) -> 49595.227 | F7: =AVERAGEIF(Employee_Data!D3:D202,A7,Employee_Data!J3:J202) -> 6.3363636 | G7: =AVERAGEIF(Employee_Data!D3:D202,A7,Employee_Data!G3:G202) -> 7.4090909
A8: Marketing | B8: =COUNTIF(Employee_Data!D3:D202,A8) -> 30 | C8: =COUNTIFS(Employee_Data!D3:D202,A8,Employee_Data!L3:L202,"Yes") -> 7 | D8: =IF(B8>0,C8/B8,0) -> 0.23333333 | E8: =AVERAGEIF(Employee_Data!D3:D202,A8,Employee_Data!F3:F202) -> 63747.3 | F8: =AVERAGEIF(Employee_Data!D3:D202,A8,Employee_Data!J3:J202) -> 6.2466667 | G8: =AVERAGEIF(Employee_Data!D3:D202,A8,Employee_Data!G3:G202) -> 8.0666667
A9: R&D | B9: =COUNTIF(Employee_Data!D3:D202,A9) -> 23 | C9: =COUNTIFS(Employee_Data!D3:D202,A9,Employee_Data!L3:L202,"Yes") -> 4 | D9: =IF(B9>0,C9/B9,0) -> 0.17391304 | E9: =AVERAGEIF(Employee_Data!D3:D202,A9,Employee_Data!F3:F202) -> 98455.478 | F9: =AVERAGEIF(Employee_Data!D3:D202,A9,Employee_Data!J3:J202) -> 6.2608696 | G9: =AVERAGEIF(Employee_Data!D3:D202,A9,Employee_Data!G3:G202) -> 8.5652174
A10: Customer Service | B10: =COUNTIF(Employee_Data!D3:D202,A10) -> 19 | C10: =COUNTIFS(Employee_Data!D3:D202,A10,Employee_Data!L3:L202,"Yes") -> 8 | D10: =IF(B10>0,C10/B10,0) -> 0.42105263 | E10: =AVERAGEIF(Employee_Data!D3:D202,A10,Employee_Data!F3:F202) -> 49055.421 | F10: =AVERAGEIF(Employee_Data!D3:D202,A10,Employee_Data!J3:J202) -> 6.5894737 | G10: =AVERAGEIF(Employee_Data!D3:D202,A10,Employee_Data!G3:G202) -> 12
A11: TOTAL / AVG | B11: =SUM(B3:B10) -> 200 | C11: =SUM(C3:C10) -> 44 | D11: =IF(B11>0,C11/B11,0) -> 0.22 | E11: =AVERAGE(E3:E10) -> 66470.795 | F11: =AVERAGE(F3:F10) -> 6.7045293 | G11: =AVERAGE(G3:G10) -> 8.6331644

Sheet Salary_Band_Analysis
A1: SALARY BAND ATTRITION ANALYSIS
A2: Salary Band | B2: Min Salary (INR) | C2: Max Salary (INR) | D2: Employee Count | E2: Attrition Rate %
A3: Below ₹30K | B3: 0 | C3: 29999 | D3: =COUNTIFS(Employee_Data!F3:F202,">="&B3,Employee_Data!F3:F202,"<="&C3) -> 0 | E3: =IF(D3>0,COUNTIFS(Employee_Data!F3:F202,">="&B3,Employee_Data!F3:F202,"<="&C3,Employee_Data!L3:L202,"Yes")/D3,0) -> 0
A4: ₹30K–₹50K | B4: 30000 | C4: 50000 | D4: =COUNTIFS(Employee_Data!F3:F202,">="&B4,Employee_Data!F3:F202,"<="&C4) -> 51 | E4: =IF(D4>0,COUNTIFS(Employee_Data!F3:F202,">="&B4,Employee_Data!F3:F202,"<="&C4,Employee_Data!L3:L202,"Yes")/D4,0) -> 0.21568627
A5: ₹50K–₹70K | B5: 50001 | C5: 70000 | D5: =COUNTIFS(Employee_Data!F3:F202,">="&B5,Employee_Data!F3:F202,"<="&C5) -> 65 | E5: =IF(D5>0,COUNTIFS(Employee_Data!F3:F202,">="&B5,Employee_Data!F3:F202,"<="&C5,Employee_Data!L3:L202,"Yes")/D5,0) -> 0.23076923
A6: ₹70K–₹90K | B6: 70001 | C6: 90000 | D6: =COUNTIFS(Employee_Data!F3:F202,">="&B6,Employee_Data!F3:F202,"<="&C6) -> 46 | E6: =IF(D6>0,COUNTIFS(Employee_Data!F3:F202,">="&B6,Employee_Data!F3:F202,"<="&C6,Employee_Data!L3:L202,"Yes")/D6,0) -> 0.26086957
A7: Above ₹90K | B7: 90001 | D7: =COUNTIF(Employee_Data!F3:F202,">="&B7) -> 38 | E7: =IF(D7>0,COUNTIFS(Employee_Data!F3:F202,">="&B7,Employee_Data!L3:L202,"Yes")/D7,0) -> 0.15789474
